{
  "open_mae_pct": 0.7146325457461824,
  "open_dir_acc": 0.753315649867374,
  "open_bal_acc": 0.7628691983122363,
  "close_mae_pct": 0.9325621851589568,
  "close_dir_acc": 0.8461538461538461,
  "close_bal_acc": 0.8437886067261496,
  "close_naive_mae_pct": 1.345292987484468
}